Comment,Time,User
 Tai sao e nhấn nút nguồn để tat ma kg dc nó nhảy qua bixby ạ,1 giờ trước ,Vân
 Cho hỏi máy này sau khi thay màn hình thì có liên quan gì đến vấn đề các cài đặt bảo mật riêng tư không?,14 giờ trước ,Cường
 Shop ơi máy này có hàng nhái(giả) không ?vù mình thấy có người bán giá thấp thays nghi ngờ,5 ngày trước ,Xuanphamcnc
 con này sài được 3 năm nữa không,5 ngày trước ,Lmao
 con này xài được bao lâu nếu chỉ chơi game nhẹ,5 ngày trước ,Lmao
 con này chơi modern warship ở mức nào vậy,5 ngày trước ,Lmao
 Samsung  A50 chính hãng  reset lai bị  như vây ? Cho hỏi  sữa  như  thế  nào?,5 ngày trước ,Nguyên Van  Ngu
 Cho em hỏi  mấy  anh chị  a50 128gb reset lại..bị  như trước  đóa  thai màng  hình 1 lân,5 ngày trước ,Nguyên Van  Ngu
 Chíp này tương đương vs snap nào ạ,9 ngày trước ,Hoàng
 Máy này giá gốc lúc bán bao nhiêu tiền ạ,9 ngày trước ,Hoàng
